{
    "swagger": "2.0",
    "info": {
        "title": "Portfolio swagger UI",
        "contact": {}
    },
    "basePath": "/api/v1",
    "paths": {
        "/education/create": {
            "post": {
                "description": "This API for creating education",
                "consumes": [
                    "application/json"
                ],
                "produces": [
                    "application/json"
                ],
                "tags": [
                    "education"
                ],
                "summary": "Create Education",
                "parameters": [
                    {
                        "description": "Education",
                        "name": "education",
                        "in": "body",
                        "required": true,
                        "schema": {
                            "$ref": "#/definitions/genproto.CreateEducationRequest"
                        }
                    }
                ],
                "responses": {
                    "201": {
                        "description": "ok",
                        "schema": {
                            "type": "string"
                        }
                    },
                    "400": {
                        "description": "Bad Request",
                        "schema": {
                            "type": "object"
                        }
                    },
                    "500": {
                        "description": "Internal Server Error",
                        "schema": {
                            "type": "object"
                        }
                    }
                }
            }
        },
        "/education/delete/{id}": {
            "delete": {
                "description": "This API for deleting education",
                "consumes": [
                    "application/json"
                ],
                "produces": [
                    "application/json"
                ],
                "tags": [
                    "education"
                ],
                "summary": "Delete Education",
                "parameters": [
                    {
                        "type": "string",
                        "description": "id",
                        "name": "id",
                        "in": "path",
                        "required": true
                    }
                ],
                "responses": {
                    "200": {
                        "description": "ok",
                        "schema": {
                            "type": "string"
                        }
                    },
                    "400": {
                        "description": "Bad Request",
                        "schema": {
                            "type": "object"
                        }
                    },
                    "500": {
                        "description": "Internal Server Error",
                        "schema": {
                            "type": "object"
                        }
                    }
                }
            }
        },
        "/education/get": {
            "get": {
                "description": "This API for getting educations",
                "consumes": [
                    "application/json"
                ],
                "produces": [
                    "application/json"
                ],
                "tags": [
                    "education"
                ],
                "summary": "Get Educations",
                "parameters": [
                    {
                        "description": "Education",
                        "name": "education",
                        "in": "body",
                        "required": true,
                        "schema": {
                            "$ref": "#/definitions/genproto.EducationFilter"
                        }
                    }
                ],
                "responses": {
                    "200": {
                        "description": "OK",
                        "schema": {
                            "$ref": "#/definitions/genproto.Education"
                        }
                    },
                    "400": {
                        "description": "Bad Request",
                        "schema": {
                            "type": "object"
                        }
                    },
                    "500": {
                        "description": "Internal Server Error",
                        "schema": {
                            "type": "object"
                        }
                    }
                }
            }
        },
        "/education/get/{id}": {
            "get": {
                "description": "This API for getting education",
                "consumes": [
                    "application/json"
                ],
                "produces": [
                    "application/json"
                ],
                "tags": [
                    "education"
                ],
                "summary": "Get Education",
                "parameters": [
                    {
                        "type": "string",
                        "description": "id",
                        "name": "id",
                        "in": "path",
                        "required": true
                    }
                ],
                "responses": {
                    "200": {
                        "description": "OK",
                        "schema": {
                            "$ref": "#/definitions/genproto.Education"
                        }
                    },
                    "400": {
                        "description": "Bad Request",
                        "schema": {
                            "type": "object"
                        }
                    },
                    "500": {
                        "description": "Internal Server Error",
                        "schema": {
                            "type": "object"
                        }
                    }
                }
            }
        },
        "/education/update": {
            "put": {
                "description": "This API for updating education",
                "consumes": [
                    "application/json"
                ],
                "produces": [
                    "application/json"
                ],
                "tags": [
                    "education"
                ],
                "summary": "Update Education",
                "parameters": [
                    {
                        "description": "Education",
                        "name": "education",
                        "in": "body",
                        "required": true,
                        "schema": {
                            "$ref": "#/definitions/genproto.UpdateEducationRequest"
                        }
                    }
                ],
                "responses": {
                    "200": {
                        "description": "ok",
                        "schema": {
                            "type": "string"
                        }
                    },
                    "400": {
                        "description": "Bad Request",
                        "schema": {
                            "type": "object"
                        }
                    },
                    "500": {
                        "description": "Internal Server Error",
                        "schema": {
                            "type": "object"
                        }
                    }
                }
            }
        },
        "/experience/create": {
            "post": {
                "description": "This API for creating experience",
                "consumes": [
                    "application/json"
                ],
                "produces": [
                    "application/json"
                ],
                "tags": [
                    "experience"
                ],
                "summary": "Create Experience",
                "parameters": [
                    {
                        "description": "Experience",
                        "name": "experience",
                        "in": "body",
                        "required": true,
                        "schema": {
                            "$ref": "#/definitions/genproto.CreateExperienceRequest"
                        }
                    }
                ],
                "responses": {
                    "201": {
                        "description": "ok",
                        "schema": {
                            "type": "string"
                        }
                    },
                    "400": {
                        "description": "Bad Request",
                        "schema": {
                            "type": "object"
                        }
                    },
                    "500": {
                        "description": "Internal Server Error",
                        "schema": {
                            "type": "object"
                        }
                    }
                }
            }
        },
        "/experience/delete/{id}": {
            "delete": {
                "description": "This API for deleting experience",
                "consumes": [
                    "application/json"
                ],
                "produces": [
                    "application/json"
                ],
                "tags": [
                    "experience"
                ],
                "summary": "Delete Experience",
                "parameters": [
                    {
                        "type": "string",
                        "description": "id",
                        "name": "id",
                        "in": "path",
                        "required": true
                    }
                ],
                "responses": {
                    "200": {
                        "description": "ok",
                        "schema": {
                            "type": "string"
                        }
                    },
                    "400": {
                        "description": "Bad Request",
                        "schema": {
                            "type": "object"
                        }
                    },
                    "500": {
                        "description": "Internal Server Error",
                        "schema": {
                            "type": "object"
                        }
                    }
                }
            }
        },
        "/experience/get": {
            "get": {
                "description": "This API for getting experiences",
                "consumes": [
                    "application/json"
                ],
                "produces": [
                    "application/json"
                ],
                "tags": [
                    "experience"
                ],
                "summary": "Get Experiences",
                "parameters": [
                    {
                        "description": "Experience",
                        "name": "experience",
                        "in": "body",
                        "required": true,
                        "schema": {
                            "$ref": "#/definitions/genproto.ExperienceFilter"
                        }
                    }
                ],
                "responses": {
                    "200": {
                        "description": "ok",
                        "schema": {
                            "type": "string"
                        }
                    },
                    "400": {
                        "description": "Bad Request",
                        "schema": {
                            "type": "object"
                        }
                    },
                    "500": {
                        "description": "Internal Server Error",
                        "schema": {
                            "type": "object"
                        }
                    }
                }
            }
        },
        "/experience/get/{id}": {
            "get": {
                "description": "This API for getting experience",
                "consumes": [
                    "application/json"
                ],
                "produces": [
                    "application/json"
                ],
                "tags": [
                    "experience"
                ],
                "summary": "Get Experience",
                "parameters": [
                    {
                        "type": "string",
                        "description": "id",
                        "name": "id",
                        "in": "path",
                        "required": true
                    }
                ],
                "responses": {
                    "200": {
                        "description": "ok",
                        "schema": {
                            "type": "string"
                        }
                    },
                    "400": {
                        "description": "Bad Request",
                        "schema": {
                            "type": "object"
                        }
                    },
                    "500": {
                        "description": "Internal Server Error",
                        "schema": {
                            "type": "object"
                        }
                    }
                }
            }
        },
        "/experience/update": {
            "put": {
                "description": "This API for updating experience",
                "consumes": [
                    "application/json"
                ],
                "produces": [
                    "application/json"
                ],
                "tags": [
                    "experience"
                ],
                "summary": "Update Experience",
                "parameters": [
                    {
                        "description": "Experience",
                        "name": "experience",
                        "in": "body",
                        "required": true,
                        "schema": {
                            "$ref": "#/definitions/genproto.UpdateExperienceRequest"
                        }
                    }
                ],
                "responses": {
                    "200": {
                        "description": "ok",
                        "schema": {
                            "type": "string"
                        }
                    },
                    "400": {
                        "description": "Bad Request",
                        "schema": {
                            "type": "object"
                        }
                    },
                    "500": {
                        "description": "Internal Server Error",
                        "schema": {
                            "type": "object"
                        }
                    }
                }
            }
        },
        "/project/create": {
            "post": {
                "description": "This API for creating project",
                "consumes": [
                    "application/json"
                ],
                "produces": [
                    "application/json"
                ],
                "tags": [
                    "project"
                ],
                "summary": "Create Project",
                "parameters": [
                    {
                        "description": "Project",
                        "name": "project",
                        "in": "body",
                        "required": true,
                        "schema": {
                            "$ref": "#/definitions/genproto.CreateProjectRequest"
                        }
                    }
                ],
                "responses": {
                    "201": {
                        "description": "ok",
                        "schema": {
                            "type": "string"
                        }
                    },
                    "400": {
                        "description": "Bad Request",
                        "schema": {
                            "type": "object"
                        }
                    },
                    "500": {
                        "description": "Internal Server Error",
                        "schema": {
                            "type": "object"
                        }
                    }
                }
            }
        },
        "/project/delete/{id}": {
            "delete": {
                "description": "This API for deleting project",
                "consumes": [
                    "application/json"
                ],
                "produces": [
                    "application/json"
                ],
                "tags": [
                    "project"
                ],
                "summary": "Delete Project",
                "parameters": [
                    {
                        "type": "string",
                        "description": "id",
                        "name": "id",
                        "in": "path",
                        "required": true
                    }
                ],
                "responses": {
                    "200": {
                        "description": "ok",
                        "schema": {
                            "type": "string"
                        }
                    },
                    "400": {
                        "description": "Bad Request",
                        "schema": {
                            "type": "object"
                        }
                    },
                    "500": {
                        "description": "Internal Server Error",
                        "schema": {
                            "type": "object"
                        }
                    }
                }
            }
        },
        "/project/get": {
            "get": {
                "description": "This API for getting projects",
                "consumes": [
                    "application/json"
                ],
                "produces": [
                    "application/json"
                ],
                "tags": [
                    "project"
                ],
                "summary": "Get Projects",
                "responses": {
                    "200": {
                        "description": "ok",
                        "schema": {
                            "type": "string"
                        }
                    },
                    "400": {
                        "description": "Bad Request",
                        "schema": {
                            "type": "object"
                        }
                    },
                    "500": {
                        "description": "Internal Server Error",
                        "schema": {
                            "type": "object"
                        }
                    }
                }
            }
        },
        "/project/get/{id}": {
            "get": {
                "description": "This API for getting project",
                "consumes": [
                    "application/json"
                ],
                "produces": [
                    "application/json"
                ],
                "tags": [
                    "project"
                ],
                "summary": "Get Project",
                "parameters": [
                    {
                        "type": "string",
                        "description": "id",
                        "name": "id",
                        "in": "path",
                        "required": true
                    }
                ],
                "responses": {
                    "200": {
                        "description": "ok",
                        "schema": {
                            "type": "string"
                        }
                    },
                    "400": {
                        "description": "Bad Request",
                        "schema": {
                            "type": "object"
                        }
                    },
                    "500": {
                        "description": "Internal Server Error",
                        "schema": {
                            "type": "object"
                        }
                    }
                }
            }
        },
        "/project/getByUser/{id}": {
            "get": {
                "description": "This API for getting project by user",
                "consumes": [
                    "application/json"
                ],
                "produces": [
                    "application/json"
                ],
                "tags": [
                    "project"
                ],
                "summary": "Get Project By User",
                "parameters": [
                    {
                        "type": "string",
                        "description": "id",
                        "name": "id",
                        "in": "path",
                        "required": true
                    }
                ],
                "responses": {
                    "200": {
                        "description": "ok",
                        "schema": {
                            "type": "string"
                        }
                    },
                    "400": {
                        "description": "Bad Request",
                        "schema": {
                            "type": "object"
                        }
                    },
                    "500": {
                        "description": "Internal Server Error",
                        "schema": {
                            "type": "object"
                        }
                    }
                }
            }
        },
        "/project/update": {
            "put": {
                "description": "This API for updating project",
                "consumes": [
                    "application/json"
                ],
                "produces": [
                    "application/json"
                ],
                "tags": [
                    "project"
                ],
                "summary": "Update Project",
                "parameters": [
                    {
                        "description": "Project",
                        "name": "project",
                        "in": "body",
                        "required": true,
                        "schema": {
                            "$ref": "#/definitions/genproto.UpdateProjectRequest"
                        }
                    }
                ],
                "responses": {
                    "200": {
                        "description": "ok",
                        "schema": {
                            "type": "string"
                        }
                    },
                    "400": {
                        "description": "Bad Request",
                        "schema": {
                            "type": "object"
                        }
                    },
                    "500": {
                        "description": "Internal Server Error",
                        "schema": {
                            "type": "object"
                        }
                    }
                }
            }
        },
        "/skill/create": {
            "post": {
                "description": "This API for creating skill",
                "consumes": [
                    "application/json"
                ],
                "produces": [
                    "application/json"
                ],
                "tags": [
                    "skill"
                ],
                "summary": "Create Skill",
                "parameters": [
                    {
                        "description": "Skill",
                        "name": "skill",
                        "in": "body",
                        "required": true,
                        "schema": {
                            "$ref": "#/definitions/genproto.CreateSkillRequest"
                        }
                    }
                ],
                "responses": {
                    "201": {
                        "description": "ok",
                        "schema": {
                            "type": "string"
                        }
                    },
                    "400": {
                        "description": "Bad Request",
                        "schema": {
                            "type": "object"
                        }
                    },
                    "500": {
                        "description": "Internal Server Error",
                        "schema": {
                            "type": "object"
                        }
                    }
                }
            }
        },
        "/skill/delete/{id}": {
            "delete": {
                "description": "This API for deleting skill",
                "consumes": [
                    "application/json"
                ],
                "produces": [
                    "application/json"
                ],
                "tags": [
                    "skill"
                ],
                "summary": "Delete Skill",
                "parameters": [
                    {
                        "type": "string",
                        "description": "id",
                        "name": "id",
                        "in": "path",
                        "required": true
                    }
                ],
                "responses": {
                    "200": {
                        "description": "ok",
                        "schema": {
                            "type": "string"
                        }
                    },
                    "400": {
                        "description": "Bad Request",
                        "schema": {
                            "type": "object"
                        }
                    },
                    "500": {
                        "description": "Internal Server Error",
                        "schema": {
                            "type": "object"
                        }
                    }
                }
            }
        },
        "/skill/get/{id}": {
            "get": {
                "description": "This API for getting skill",
                "consumes": [
                    "application/json"
                ],
                "produces": [
                    "application/json"
                ],
                "tags": [
                    "skill"
                ],
                "summary": "Get Skill",
                "parameters": [
                    {
                        "type": "string",
                        "description": "id",
                        "name": "id",
                        "in": "path",
                        "required": true
                    }
                ],
                "responses": {
                    "200": {
                        "description": "ok",
                        "schema": {
                            "type": "string"
                        }
                    },
                    "400": {
                        "description": "Bad Request",
                        "schema": {
                            "type": "object"
                        }
                    },
                    "500": {
                        "description": "Internal Server Error",
                        "schema": {
                            "type": "object"
                        }
                    }
                }
            }
        },
        "/skill/getAll": {
            "get": {
                "description": "This API for getting skills",
                "consumes": [
                    "application/json"
                ],
                "produces": [
                    "application/json"
                ],
                "tags": [
                    "skill"
                ],
                "summary": "Get Skills",
                "parameters": [
                    {
                        "description": "Skill",
                        "name": "skill",
                        "in": "body",
                        "required": true,
                        "schema": {
                            "$ref": "#/definitions/genproto.SkillFilter"
                        }
                    }
                ],
                "responses": {
                    "200": {
                        "description": "ok",
                        "schema": {
                            "type": "string"
                        }
                    },
                    "400": {
                        "description": "Bad Request",
                        "schema": {
                            "type": "object"
                        }
                    },
                    "500": {
                        "description": "Internal Server Error",
                        "schema": {
                            "type": "object"
                        }
                    }
                }
            }
        },
        "/skill/update": {
            "put": {
                "description": "This API for updating skill",
                "consumes": [
                    "application/json"
                ],
                "produces": [
                    "application/json"
                ],
                "tags": [
                    "skill"
                ],
                "summary": "Update Skill",
                "parameters": [
                    {
                        "description": "Skill",
                        "name": "skill",
                        "in": "body",
                        "required": true,
                        "schema": {
                            "$ref": "#/definitions/genproto.UpdateSkillRequest"
                        }
                    }
                ],
                "responses": {
                    "200": {
                        "description": "ok",
                        "schema": {
                            "type": "string"
                        }
                    },
                    "400": {
                        "description": "Bad Request",
                        "schema": {
                            "type": "object"
                        }
                    },
                    "500": {
                        "description": "Internal Server Error",
                        "schema": {
                            "type": "object"
                        }
                    }
                }
            }
        }
    },
    "definitions": {
        "genproto.CreateEducationRequest": {
            "type": "object",
            "properties": {
                "degree": {
                    "type": "string"
                },
                "end_date": {
                    "type": "string"
                },
                "field_of_study": {
                    "type": "string"
                },
                "id": {
                    "type": "string"
                },
                "institution": {
                    "type": "string"
                },
                "start_date": {
                    "type": "string"
                },
                "user_id": {
                    "type": "string"
                }
            }
        },
        "genproto.CreateExperienceRequest": {
            "type": "object",
            "properties": {
                "company": {
                    "type": "string"
                },
                "description": {
                    "type": "string"
                },
                "end_date": {
                    "type": "string"
                },
                "id": {
                    "type": "string"
                },
                "start_date": {
                    "type": "string"
                },
                "title": {
                    "type": "string"
                },
                "user_id": {
                    "type": "string"
                }
            }
        },
        "genproto.CreateProjectRequest": {
            "type": "object",
            "properties": {
                "description": {
                    "type": "string"
                },
                "id": {
                    "type": "string"
                },
                "title": {
                    "type": "string"
                },
                "url": {
                    "type": "string"
                },
                "user_id": {
                    "type": "string"
                }
            }
        },
        "genproto.CreateSkillRequest": {
            "type": "object",
            "properties": {
                "id": {
                    "type": "string"
                },
                "level": {
                    "type": "string"
                },
                "name": {
                    "type": "string"
                },
                "user_id": {
                    "type": "string"
                }
            }
        },
        "genproto.Education": {
            "type": "object",
            "properties": {
                "degree": {
                    "type": "string"
                },
                "end_date": {
                    "type": "string"
                },
                "field_of_study": {
                    "type": "string"
                },
                "id": {
                    "type": "string"
                },
                "institution": {
                    "type": "string"
                },
                "start_date": {
                    "type": "string"
                },
                "user_id": {
                    "type": "string"
                }
            }
        },
        "genproto.EducationFilter": {
            "type": "object",
            "properties": {
                "degree": {
                    "type": "string"
                },
                "end_date": {
                    "type": "string"
                },
                "field_of_study": {
                    "type": "string"
                },
                "institution": {
                    "type": "string"
                },
                "start_date": {
                    "type": "string"
                },
                "user_id": {
                    "type": "string"
                }
            }
        },
        "genproto.ExperienceFilter": {
            "type": "object",
            "properties": {
                "company": {
                    "type": "string"
                },
                "end_date": {
                    "type": "string"
                },
                "start_date": {
                    "type": "string"
                },
                "user_id": {
                    "type": "string"
                }
            }
        },
        "genproto.SkillFilter": {
            "type": "object",
            "properties": {
                "name": {
                    "type": "string"
                },
                "user_id": {
                    "type": "string"
                }
            }
        },
        "genproto.UpdateEducationRequest": {
            "type": "object",
            "properties": {
                "degree": {
                    "type": "string"
                },
                "deleted_at": {
                    "type": "integer"
                },
                "end_date": {
                    "type": "string"
                },
                "field_of_study": {
                    "type": "string"
                },
                "id": {
                    "type": "string"
                },
                "institution": {
                    "type": "string"
                },
                "start_date": {
                    "type": "string"
                },
                "user_id": {
                    "type": "string"
                }
            }
        },
        "genproto.UpdateExperienceRequest": {
            "type": "object",
            "properties": {
                "company": {
                    "type": "string"
                },
                "deleted_at": {
                    "type": "integer"
                },
                "description": {
                    "type": "string"
                },
                "end_date": {
                    "type": "string"
                },
                "id": {
                    "type": "string"
                },
                "start_date": {
                    "type": "string"
                },
                "title": {
                    "type": "string"
                },
                "user_id": {
                    "type": "string"
                }
            }
        },
        "genproto.UpdateProjectRequest": {
            "type": "object",
            "properties": {
                "description": {
                    "type": "string"
                },
                "id": {
                    "type": "string"
                },
                "title": {
                    "type": "string"
                },
                "url": {
                    "type": "string"
                },
                "user_id": {
                    "type": "string"
                }
            }
        },
        "genproto.UpdateSkillRequest": {
            "type": "object",
            "properties": {
                "id": {
                    "type": "string"
                },
                "level": {
                    "type": "string"
                },
                "name": {
                    "type": "string"
                },
                "user_id": {
                    "type": "string"
                }
            }
        }
    },
    "securityDefinitions": {
        "BearerAuth": {
            "type": "apiKey",
            "name": "Authorization",
            "in": "header"
        }
    }
}